Startup Name,Website,Industry,Funding Stage,Funding Amount (Text),Funding Date (YYYY-MM),Funding Source (URL),Funded By,Founder Name,Founder Role,Founder LinkedIn URL,Founder Email,Company Size (Approx),Likely Hiring Roles,Hiring Signal,Outreach Priority
Ultrahuman,https://ultrahuman.com,Healthtech,Series C,~Rs 400 crore (~$48M),2026-03,https://yourstory.com/2026/03/ultrahuman-closes-rs-400-cr-series-c-round,Premji Invest (reported),Mohit Kumar,Founder & CEO,,,51-200,Engineering/Product/Growth,Series C announced in 2026 with expansion plans,High
Unbox Robotics,https://unboxrobotics.com,Logistics,Series B,$28M,2026-01,https://yourstory.com/2026/01/funding-unbox-robotics-28m-series-b-icici-venture,ICICI Venture; Redstart Labs; F-Prime; 3one4 Capital,Pramod Ghadge,Founder & CEO,,,51-200,Robotics/Software/Ops,Series B in 2026 to scale products and deployments,High
Aerchain,https://aerchain.com,Enterprise SaaS,Series A,$13M,2026-03,https://inc42.com/buzz/aerchain-bags-13-mn-to-scale-agentic-ai-platform-for-enterprise-procurement/,Pavestone VC; IndiaMART,Harsha Kadimisetty,Co-founder & CEO,,,51-200,AI Engineering/Enterprise Sales,Series A in 2026 to scale enterprise platform,High
Escape Plan,,D2C,Series A,$25M,2026-01,https://www.thehindubusinessline.com/companies/escape-plan-raises-25-million-in-series-a-funding-led-by-jungle-ventures/article70537374.ece,Jungle Ventures; Fireside Ventures; IndiGo Ventures,Abhinav Pathak,Co-founder & CEO,,,11-50,Retail Ops/Marketing/Supply Chain,2026 funding to expand omnichannel retail,High
AssetPlus,https://assetplus.in,Fintech,Growth Round,Rs 175 crore,2026-01,https://www.thehindubusinessline.com/markets/assetplusraises-175-crores-in-funding-round-led-by-nexus-venture-partners/article70524337.ece,Nexus Venture Partners; Eight Roads; Rainmatter,Vishranth Suresh,Co-founder & CEO,,,51-200,Product/Engineering/Wealth Ops,2026 growth round to expand platform and products,High
Optimist,https://www.optimist.in,Deeptech,Seed and Pre-Series A,$12M,2026-01,https://www.business-standard.com/companies/news/optimist-raises-12-million-to-build-air-conditioners-for-india-s-heat-126012201189_1.html,Accel; Arkam Ventures; angels,Ashish Goel,Co-founder & CEO,,,11-50,R&D/Manufacturing Engineering/GTM,2026 funding for manufacturing and R&D scale-up,High
Even Healthcare,https://even.in,Healthtech,Growth Round,$20M,2026-01,https://www.moneycontrol.com/news/business/funding/even-healthcare-raises-20-million-to-expand-managed-care-hospitals-13758846.html,Lachy Groom; Alpha Wave; Sharrp Ventures,Mayank Banerjee,Co-founder,,,51-200,Clinical Ops/Product/Engineering,2026 raise to expand managed-care footprint,High
Wint Wealth,https://www.wintwealth.com,Fintech,Series B,Rs 250 crore (~$27.7M),2026-01,https://www.vccircle.com/vertexventures-leads-wint-wealth-s-series-b-funding,Vertex Ventures SEA & India; 3one4; 8 Roads; Arkam,Ajinkya Kulkarni,Co-founder & CEO,,,51-200,Engineering/Risk/Compliance,Series B in 2026 for product and NBFC expansion,High
TakeMe2Space,https://takeme2space.com,Spacetech,Seed,$5M,2026-01,https://economictimes.indiatimes.com/tech/funding/takeme2space-raises-5-million-led-by-chiratae-ventures/articleshow/126414088.cms,Chiratae Ventures; Unicorn India Ventures; Artha Venture Fund,Ronak Kumar Samantray,Founder,,,11-50,Aerospace Engineering/Embedded Systems,2026 seed to scale in-orbit compute roadmap,High
BillionE Mobility,https://www.billionemobility.com,Logistics,Pre-Series A,$25M (equity + debt),2026-01,https://www.vccircle.com/billioneatomgrid-liquidnitro-games-others-raise-funding,SBI and financial investors,Sanjeev Kulkarni,Co-founder & CEO,,,11-50,Fleet Ops/EV Engineering/Partnerships,2026 funding to expand electric truck operations,High
4baseCare,https://4basecare.com,Healthtech,Series B (first close),Rs 90 crore,2026-02,https://www.cnbctv18.com/business/startup/4basecare-raises-rs-90-crore-series-b-funding-oncotwin-expansion-precision-oncology-19842546.htm,Ashish Kacholia; Lashit Sanghvi; Yali Capital,Hitesh Goswami,Co-founder & CEO,,,51-200,Bioinformatics/Clinical Ops/AI Product,2026 first close to scale precision oncology,High
Agrani Labs,https://agranilabs.ai,Deeptech,Seed,$8M,2026-01,https://inc42.com/buzz/ai-semiconductor-startup-agrani-labs-raises-8-mn-from-peak-xv-partners/,Peak XV Partners,Dheemanth Nagaraj,Co-founder & CEO,,,11-50,Semiconductor Design/Systems Engineering,2026 seed to build AI semiconductor stack,High
SpotDraft,https://spotdraft.com,Enterprise SaaS,Series B Extension,$8M,2026-01,https://economictimes.indiatimes.com/tech/funding/saas-company-spotdraft-raises-8-million-from-qualcomm-ventures/articleshow/127603427.cms,Qualcomm Ventures,Shashank Bijapur,Co-founder & CEO,,,51-200,AI Engineering/Product/Enterprise Sales,2026 extension round for AI legal workflow scale,High
1Buy.AI,https://1buy.ai,Enterprise SaaS,Seed,Rs 32.5 crore (~$3.5M),2026-01,https://inc42.com/buzz/1buy-ai-nets-inr-33-cr-to-help-enterprises-procure-electronics-components/,100 Unicorns; Gruhas; FJ Labs,Pradeep Paliwal,Co-founder,,,11-50,Data Engineering/Platform Engineering/GTM,2026 seed to scale procurement intelligence platform,Medium
Mysa,https://www.getmysa.com,Fintech,Pre-Series A,$3.4M,2026-01,https://inc42.com/buzz/mysa-bags-3-4-mn-to-strengthen-ai-based-finance-automation/,Blume Ventures; Piper Serica,Arpita Kapoor,Co-founder & CEO,,,11-50,AI Engineering/Integrations/Customer Success,2026 pre-Series A to strengthen finance automation,Medium
Mave Health,https://mavehealth.com,Healthtech,Seed,$2.1M,2026-03,https://economictimes.indiatimes.com/small-biz/entrepreneurship/mave-health-raises-2-1-million-seed-round/articleshow/129672837.cms,Blume Ventures; Inuka Capital,Dhawal Jain,Co-founder & CEO,,,11-50,Hardware R&D/Clinical Ops/Product,2026 seed to support neurotech expansion,Medium
The Whole Truth Foods,https://thewholetruthfoods.com,D2C,Series D,~$51M,2026-02,https://economictimes.indiatimes.com/tech/funding/clean-label-food-brand-the-whole-truth-closes-51-million-funding-round-led-by-sofina-sauce-vc/articleshow/127898632.cms,Sofina; Sauce.vc; Peak XV,Shashank Mehta,Founder,,,51-200,Supply Chain/Product/Growth,Large 2026 round for manufacturing and growth,High
Velmenni,https://velmenni.com,Deeptech,Pre-Series A,Rs 30 crore,2026-03,https://telecom.economictimes.indiatimes.com/news/industry/velmenni-secures-30-crore-pre-series-a-funding-to-revolutionize-telecom-with-optical-solutions/129624522,pi Ventures; MountTech Growth Fund-Kavachh,Deepak Solanki,Founder & CEO,,,11-50,Optical Engineering/Telecom Product/BD,2026 pre-Series A to commercialize optical telecom solutions,High
Skye Air Mobility,https://skyeair.in,Logistics,Series B,$9M,2026-03,https://infra.economictimes.indiatimes.com/news/logistics/skye-air-mobility-raises-9-million-in-series-b-funding-round/129460852,IAN Alpha Fund; AVNM Ventures; Faad Capital,Ankit Kumar,Founder & CEO,,,11-50,Drone Ops/Robotics/Platform Engineering,2026 Series B for multi-city drone logistics expansion,High
Ecofy,https://www.ecofy.in,Fintech,Equity Round,Rs 380.5 crore (~$42M),2026-03,https://auto.economictimes.indiatimes.com/news/industry/ecofy-secures-3805-crore-funding-to-boost-clean-mobility-and-green-energy-financing/129601870,BII; Finnfund; Eversource Capital; FMO,Rajashree Nambiar,Co-founder MD & CEO,,,201-500,Credit Risk/Data Science/Partnerships,2026 equity raise to expand green financing products,High
