Startup Name,Website,Industry,Funding Stage,Funding Amount (Text),Funding Date (YYYY-MM),Funding Source (URL),Funded By,Founder Name,Founder Role,Founder LinkedIn URL,Founder Email,Company Size (Approx),Likely Hiring Roles,Hiring Signal,Outreach Priority
Serve First,https://www.servefirst.co.uk,Enterprise SaaS,Undisclosed,£5m,2026-04,https://www.uktech.news/ai/serve-first-ai-funding-20260410,Pembroke VCT; Midlands Engine Investment Fund,Erol Ayvaz,Founder & CEO,https://www.linkedin.com/in/erolayvaz,,11-50,AI engineers; customer success; enterprise sales,2026 funding and rapid ARR growth indicate scaling,High
Apex B2B,https://apexb2b.com,Enterprise SaaS,Undisclosed,£1.3m,2026-04,https://www.uktech.news/funding/apex-b2b-launches-its-saas-platform-for-merchants-with-1-3m-backing-20260409,Undisclosed,Bharat Sharma,Founder & CEO,,,11-50,Product engineers; AI engineers; customer success,2026 launch funding with explicit hiring plan,High
MillTech,https://www.milltech.com,Fintech,Undisclosed,£44.8m,2026-04,https://www.uktech.news/funding/milltech-secure-44-8m-to-accelerate-north-american-expansion-20260409,Apax Digital Funds,,,,,51-200,Treasury product engineers; US sales; implementation specialists,2026 round tied to product enhancement and expansion,High
Narwhal Labs,https://www.narwh.ai,Enterprise SaaS,Undisclosed,£20m,2026-04,https://www.uktech.news/ai/narwhal-labs-secures-20m-for-its-autonomous-comms-platform-20260408,Over 70 UK investors,Luke Sartain,Founder & CEO,,,11-50,Agentic AI engineers; platform engineers; enterprise solutions,2026 funding aligned to autonomous communications platform scale,High
Lucida Medical,https://lucidamedical.com,Healthtech,Undisclosed,£8.7m,2026-03,https://www.uktech.news/medtech/ai-diagnostic-startup-raises-9m-in-macmillan-backed-round-20260330,IW Capital; XTX Ventures; Macmillan Cancer Support,Dr Antony Rix,Co-founder & CEO,,,11-50,ML engineers; clinical operations; NHS partnerships,2026 round to scale clinical AI deployment,High
9fin,https://www.9fin.com,Fintech,Series C,$170m,2026-03,https://www.uktech.news/fintech/debt-intelligence-platform-9fin-scores-130m-round-20260331,HarbourVest; CPP Investments; Highland Europe; Spark Capital,Steven Hunter,Co-founder & CEO,,,201-500,AI/ML engineers; data engineers; US GTM roles,2026 growth round with AI and international expansion focus,Medium
Granola,https://www.granola.ai,Enterprise SaaS,Series C,$125m,2026-03,https://www.uktech.news/ai/ai-notepad-granola-secures-unicorn-status-after-series-c-20260325,Index Ventures,Christopher Pedregal,Co-founder & CEO,https://www.linkedin.com/in/pedregal,,51-200,Product engineers; AI engineers; enterprise success,2026 Series C and unicorn status to accelerate platform scale,High
Dexory,https://www.dexory.com,Deeptech,Series C extension,£8.5m,2026-03,https://www.uktech.news/ai/british-business-bank-joins-dexorys-series-c-round-20260327,British Business Bank; Eurazeo,,,,,51-200,Robotics engineers; computer vision engineers; commercial roles,2026 follow-on capital for global warehouse automation expansion,Medium
Giraffe360,https://www.giraffe360.com,Proptech,Series B,$10m,2026-03,https://www.uktech.news/proptech/proptech-platform-giraffe360-raises-7-5m-20260326,Cipio Partners; Hoxton Ventures; LAUNCHub Ventures,,,,,51-200,Computer vision engineers; product managers; enterprise sales,2026 Series B to accelerate AI proptech infrastructure,Medium
TiPJAR,https://www.wearetipjar.com,Fintech,Undisclosed,£4.5m,2026-03,https://www.uktech.news/fintech/tipjar-service-charge-funding-20260326,YFM Equity Partners,,,,,11-50,Payments engineers; customer success; hospitality partnerships,2026 funding allocated to product development and expansion,Medium
Theia Insights,https://www.theiainsights.com,Fintech,Undisclosed,$8m,2026-03,https://www.uktech.news/fintech/theia-insights-funding-20260326,MiddleGame Ventures; Further Ventures; Unusual Ventures,Dr Ye Tian,Founder & CEO,,,11-50,NLP/ML engineers; data scientists; institutional sales,2026 funding to expand institutional due-diligence product,High
Eunice,https://www.eunice.ai,Fintech,Undisclosed,$8m,2026-03,https://www.uktech.news/fintech/ai-investment-due-diligence-platform-raises-6m-20260325,Moonfire Ventures; Speedinvest; Openspace Ventures,Yi Luo,Founder & CEO,,,11-50,AI engineers; compliance product specialists; enterprise onboarding,2026 financing for regulated-market AI due diligence,High
Zevero,https://www.zevero.earth,Deeptech,Seed,$7m,2026-03,https://www.uktech.news/climate-tech/carbon-management-platform-zevero-raises-5m-20260324,Spiral Capital; Gazelle Capital; Deep 30,,,,,11-50,Climate data engineers; product managers; customer success,2026 seed to scale carbon-management platform across markets,Medium
First Concepts,https://www.firstconcepts.co,Enterprise SaaS,Pre-seed,£750k,2026-03,https://www.uktech.news/funding/first-concepts-secures-750k-to-boost-its-ai-native-workspace-20260317,Araya Ventures; Antler,Conor Hoey,Co-founder & CEO,,,1-10,Founding engineers; product design; AI workflow specialists,2026 pre-seed after early commercial traction,High
VerbaFlo,https://www.verbaflo.ai,Proptech,Seed,$7m,2026-03,https://www.uktech.news/proptech/verbaflo-real-estate-seed-20260318,Pi Labs; Haatch; Navigate Ventures,Sayantan Biswas,Founder,,,11-50,Conversational AI engineers; integration engineers; customer success,2026 seed with international expansion intent,High
Antidote,https://www.antidotelegal.com,Enterprise SaaS,Seed,$5m,2026-01,https://www.uktech.news/legal/antidote-ai-legal-tech-4m-seed-round-20260121,Lakestar; Concept Ventures; The LegalTech Fund,Nicholas d'Adhemar,Founder & CEO,,,11-50,Legal AI engineers; NLP engineers; implementation specialists,2026 seed to scale legal AI compliance tooling,High
Bracket,https://www.bracket.co.uk,Fintech,Seed,$7m,2026-02,https://www.uktech.news/fintech/bracket-treasury-intelligence-platform-20260212,Macquarie Group; Blackfinch Ventures; Failup Ventures,Pierre Anderson,Co-founder & Co-CEO,,,11-50,Fintech backend engineers; data engineers; treasury solutions consultants,2026 seed to scale treasury intelligence internationally,High
Elyos AI,https://www.elyos.ai,Enterprise SaaS,Series A,$13m,2026-01,https://www.uktech.news/ai/ai-platform-for-the-trades-raises-10m-series-a-round-20260119,Blackbird Ventures; Y Combinator; Pi Labs,Adrian Johnston,Co-founder,,,11-50,Voice AI engineers; field-service integration engineers; GTM,2026 Series A for international expansion,High
Ternary Therapeutics,https://www.ternarytx.co.uk,Deeptech,Seed,£3.6m,2026-03,https://www.uktech.news/medtech/biotech-building-molecular-glues-ai-platform-raises-3-6m-20260316,daphni; Pace Ventures; i&i Biotech Fund,Dr Chris Tame,Co-founder,,,1-10,Computational biology; ML drug discovery; translational science,2026 seed to build AI-guided molecular glue platform,Medium
Aura Life,https://www.aura.life,Healthtech,Undisclosed,Undisclosed,2026-03,https://www.uktech.news/funding/yfm-backs-digital-end-of-life-platform-20260330,YFM Equity Partners,David Jameson,Co-founder & CEO,,,11-50,Product engineers; growth marketing; partnerships,2026 investor backing to scale digital end-of-life platform,Medium
